Stock Name,Date,Time,News Headline
TSLA,2024-04-10,10:00AM,Cathie Wood Is Dumping Nvidia and Buying Tesla: Is She Making a Huge Mistake?
TSLA,2024-04-09,07:03PM,Analyst revises Tesla stock price target after robotaxi news
TSLA,2024-04-08,10:46PM,Tesla Agrees to Settle Lawsuit Over Autopilots Involvement in 2018 Fatal Crash
AMD,2024-04-09,11:29PM,Google unveils first Arm-based data center CPU to reduce its reliance on AI chipmakers amid surging Capex
AMD,2024-04-08,08:30PM,Better Artificial Intelligence (AI) Stock: Qualcomm vs. Intel
AMD,2024-04-07,06:00AM,2 Tech Stocks to Buy Like There's No Tomorrow
AMD,2024-04-05,01:10PM,"Stocks Soar After Robust Jobs Data; AMD, Amazon.com Lead Tech Rally, But Tesla Sinks On This News"
AMD,2024-04-04,10:54PM,AMD Stock Drops Amid Rate Uncertainty and Valuation Reassessment Key Level to Watch
AMD,2024-04-03,02:23PM,Intel Extends Losses as Analysts Say Chipmaker Faces 'More Headwinds Than Tailwinds'
AMD,2024-04-02,05:29PM,Nvidia Stock Drops. What the Problem Isnt.
AMD,2024-04-01,05:45PM,Advanced Micro Devices (AMD) Rises As Market Takes a Dip: Key Facts
AMD,2024-03-31,11:02PM,"AI will help OSAT players turn the corner, but what about electricity price hikes?"
AMD,2024-03-30,09:00AM,These Tech Titans Are Teaming Up Against Nvidia
AMD,2024-03-29,03:15PM,"AMD Stock Is Down 15% From Its 52-Week Highs, and Here's Why You Should Buy It"
AMD,2024-03-28,05:12PM,Retail Traders Are Back and Savvier Than Before Here's What They're Betting On
AMD,2024-03-27,05:57PM,20 Biggest Semiconductor Companies in the US
AMD,2024-03-26,10:58PM,Intel and AMD could lose billions if China goes through with US processor ban
AMD,2024-03-25,07:03PM,AMD stock analysts overhaul price targets after China news
NVDA,2024-04-10,10:00AM,Cathie Wood Is Dumping Nvidia and Buying Tesla: Is She Making a Huge Mistake?
NVDA,2024-04-09,11:29PM,Google unveils first Arm-based data center CPU to reduce its reliance on AI chipmakers amid surging Capex
NVDA,2024-04-08,08:03PM,Analyst revises Nvidia stock price target on China update
MU,2024-04-10,08:35AM,Micron (MU) Unveils Quad-Port SSD for Autonomous Vehicles
MU,2024-04-09,01:49PM,"Why Taiwan Semiconductor Stock Was Up on Tuesday, While Arm Holdings and Micron Stocks Slumped"
MU,2024-04-08,10:20PM,"Micron to raise DRAM and SSD prices by 25%, say sources"
MU,2024-04-07,12:00PM,"Micron Technology Stock Has 21% Upside, According to 1 Wall Street Analyst"
MU,2024-04-05,05:00PM,10 Unstoppable Tech Stocks To Buy
MU,2024-04-04,01:11PM,How Micron Technology Stock Gained 30% Last Month
MU,2024-04-03,06:59PM,Why Micron Technologies Zoomed 4% Higher Today
MU,2024-04-02,02:04PM,"Why Advanced Micro Devices, C3.ai, Arm Holdings, and Other Artificial Intelligence (AI) Stocks Slumped on Tuesday"
MU,2024-04-01,05:29PM,S&P 500 Gains and Losses Today: Shares of Memory Chipmakers Push Higher
MU,2024-03-31,09:00AM,2 Artificial Intelligence (AI) Stocks That Could Go Parabolic
MU,2024-03-30,02:02PM,1 Semiconductor Stock to Buy Hand Over Fist After Micron Technology's Stellar Report
MU,2024-03-29,03:05PM,2 No-Brainer Artificial Intelligence (AI) Stocks (not Named Nvidia) to Buy Right Now
MU,2024-03-28,06:21PM,S&P 500 Posts Best First Quarter Since 2019
MU,2024-03-27,05:57PM,20 Biggest Semiconductor Companies in the US
MU,2024-03-26,06:59PM,"Micron's Strategic Moves in China, CEO Mehrotra's Talks and Expansion Plans Amid Shift from US Tech"
MU,2024-03-25,04:43PM,S&P 500 Gains and Losses Today: Take-Two Stock Tumbles as 'GTA VI' Could Face Delays
MU,2024-03-24,10:01AM,12 Best Data Center Stocks To Buy According to Analysts
MU,2024-03-23,05:15AM,Forget Nvidia: 2 Artificial Intelligence (AI) Stocks to Buy Instead
MU,2024-03-22,02:38PM,Micron Is Suddenly a Hot AI Stockand Thats Not Hype
MU,2024-03-21,06:31PM,Why Seagate Stock Topped the S&P 500 Index Today
PLTR,2024-04-10,06:45AM,This Is Huge News for Palantir Investors
PLTR,2024-04-09,06:30AM,Buy Alert: Cloud Deal Signals Clear Skies Ahead for Palantir Stock
PLTR,2024-04-08,05:45PM,Palantir Technologies Inc. (PLTR) Increases Despite Market Slip: Here's What You Need to Know
PLTR,2024-04-07,07:45AM,Ready to Invest in 2024? 2 Top Growth Stocks to Buy Hand Over Fist in the New Bull Market
PLTR,2024-04-06,09:40AM,Is Palantir Technologies Stock a Buy Now?
PLTR,2024-04-05,09:14AM,Massive News for Palantir Stock Investors
PLTR,2024-04-04,07:32PM,Analyst unveils eye-popping Palantir stock price target after Oracle deal
PLTR,2024-04-03,06:19AM,3 Reasons to Sell Palantir Stock Right Now
PLTR,2024-04-01,05:45PM,Why Palantir Technologies Inc. (PLTR) Dipped More Than Broader Market Today
PLTR,2024-03-31,08:35AM,25 Biggest Software Companies in the US
PLTR,2024-03-29,01:33PM,Analyst who correctly forecast Palantir's stock rally updates outlook
PLTR,2024-03-28,04:46PM,Stocks Close Mixed As Holiday Weekend Gets Underway; S&P 500 And Dow Close At New Highs
PLTR,2024-03-27,09:00AM,Investors Heavily Search Palantir Technologies Inc. (PLTR): Here is What You Need to Know
PLTR,2024-03-26,09:37AM,PLTR Stock: Why This Next Huge Catalyst Will Make Palantir Stock Soar
PLTR,2024-03-25,05:45PM,Palantir Technologies Inc. (PLTR) Advances While Market Declines: Some Information for Investors
PLTR,2024-03-24,01:13PM,Is BigBear.ai Stock a Buy Now?
PLTR,2024-03-23,04:05AM,Should You Buy Palantir Stock While It's Below $30 per Share?
PLTR,2024-03-22,05:52PM,Is It Finally Time to Take Profits in Palantir Stock?
PLTR,2024-03-21,09:18AM,Is Nvidia AI Foundry a Threat to Palantir Stock?
PLTR,2024-03-20,10:00AM,Palantir Technologies Looks Deeply Undervalued
PLTR,2024-03-19,05:45PM,Palantir Technologies Inc. (PLTR) Stock Falls Amid Market Uptick: What Investors Need to Know
PLTR,2024-03-18,04:45PM,How energy companies are using AI to boost their bottom lines
PLTR,2024-03-17,02:05PM,"Near a 2-Year High, Is Palantir Technologies Stock Still a Buy?"
PLTR,2024-03-16,02:35PM,Better Artificial Intelligence (AI) Stock: Palantir vs. Nvidia
PLTR,2024-03-15,02:43PM,Peter Thiel Unloads $175 Million of Palantir in First Sale Since 2021
NIO,2024-04-09,02:30PM,"Why Are Chinese EV Stocks NIO, XPEV, LI Up Today?"
NIO,2024-04-08,11:30AM,NIO Stock Is the Canary in the EV Market Coal Mine
NIO,2024-04-05,11:02AM,Nio Eyes Expanding Battery Swap Program to Supercharge NIO Stock
NIO,2024-04-04,04:23PM,20 Countries Most in Debt to China
NIO,2024-04-03,10:41AM,Is Nio Stock Going to $10? 1 Wall Street Analyst Thinks So.
NIO,2024-04-02,07:47PM,11 Best EV Stocks To Buy For The Long Term
NIO,2024-04-01,03:55PM,The 3 Best EV Charging Stocks to Buy in April 2024
NIO,2024-03-30,07:07AM,25 Largest Automotive Companies and Suppliers in the World
NIO,2024-03-28,09:35AM,Troubled Fisker Slashes Some EV Prices By at Least 30% in Push To Draw Demand
NIO,2024-03-27,02:05PM,Nio Just Cut Delivery Estimates. Is It Time to Sell the Stock?
NIO,2024-03-26,04:55AM,"Nio Stock Has Just 12% Upside Now, According to 1 Wall Street Analyst"
NIO,2024-03-25,12:34PM,Mizuho Just Slashed Its Price Target on Nio (NIO) Stock
NIO,2024-03-23,08:49AM,NIO Stock: Time to Plug In or Pull the Plug on This Embattled EV Play?
NIO,2024-03-22,12:10PM,The 5 Biggest Buyers of Nio (NIO) Stock
NIO,2024-03-21,10:08AM,12 Best Emerging Markets Stocks to Buy According to Analysts
NIO,2024-03-20,07:00PM,Chinas booming EV market puts these 3 companies on the path to growth. Heres what sets them apartand the challenges they have to face
NIO,2024-03-19,12:51PM,2024 Is Shaping Up To Be About Affordable EVs
NIO,2024-03-18,11:06AM,NIO Stock: CEO William Li Says Second-Gen Nio Phone Is Underway
NIO,2024-03-15,02:56AM,"Nio partners with CATL to develop long-life batteries, will launch second brand in May"
NIO,2024-03-14,02:45PM,NIO Stock: Nio and CATL Announce New Long-Life Battery Partnership
NIO,2024-03-13,04:40PM,5 Big Investors Betting on NIO Stock
NIO,2024-03-12,12:07PM,Xiaomi Just Gave NIO Stock a Major Lift
NIO,2024-03-11,03:17PM,1 Wall Street Analyst Cuts Nio's Price Target by 23%: Here's Why He's Right
NIO,2024-03-10,07:04AM,1 Wall Street Analyst Just Cut Its Nio Price Target by 27%. Is It a Sell?
NIO,2024-03-08,06:10AM,NIO Stock Outlook: Is Nio a Buy After Its Q4 2023 Report?
NIO,2024-03-07,04:54PM,1 Wall Street Analyst Sees 69% Upside in Nio Stock. Is It a Buy Now?
NIO,2024-03-06,01:01PM,Barclays Just Cut Its Price Target on Nio Stock
NIO,2024-03-05,02:49PM,EV Deliveries Continue To Fall In China As The Competitive Battle Rages On
NIO,2024-03-04,11:12AM,Should Investors Buy Nio Stock on the Dip?
NIO,2024-03-03,12:48PM,12 Best Battery Stocks To Invest In Before They Take Off
NIO,2024-03-01,05:45PM,NIO Inc. (NIO) Increases Yet Falls Behind Market: What Investors Need to Know
NIO,2024-02-29,03:26PM,13 Best EV Stocks To Buy in 2024
NIO,2024-02-28,04:09PM,Elon Musk claims Tesla Roadster coming next year as Chinese EV supercars hit the road
NIO,2024-02-26,09:26AM,NIO Stock Alert: Nio Nabs a Tech Deal With Forseven
NIO,2024-02-25,07:50AM,"Nio Stock: Buy, Sell, or Hold?"
NIO,2024-02-23,10:31AM,JPMorgan Is Souring on NIO Stock
NIO,2024-02-22,06:20AM,Is NIO Stock a Buy or Sell in This Uncertain EV Market?
AAPL,2024-04-10,10:20AM,"Apple, TSMC, Super Micro Computer, AMD, and Other Tech Stocks in Focus Today"
AAPL,2024-04-09,11:31PM,Apple-Baidu AI pact: who wins big in the US-Sino tech tango?
AAPL,2024-04-08,11:44PM,Apple unlikely to hold spring event despite upcoming product launches
AAPL,2024-04-07,10:08PM,Tesla wants Apple's help proving a driver was playing on his iPhone when he died in an Autopilot crash
AAPL,2024-04-06,09:00PM,"In the City, Personal Safety Starts With Your Smartphone"
AAPL,2024-04-05,05:56PM,Apple to let music streaming apps in Europe link to own websites for purchases
MARA,2024-04-05,05:45PM,"Marathon Digital Holdings, Inc. (MARA) Stock Sinks As Market Gains: Here's Why"
MARA,2024-04-04,08:30AM,Marathon Digital Holdings Announces Bitcoin Production and Mining Operation Updates for March 2024
MARA,2024-04-03,10:05AM,3 Crypto Stocks to Buy Before They Erupt After the Halving
MARA,2024-04-02,04:05PM,Marathon Digital Holdings Announces the Closing of its Acquisition of a 200-Megawatt Bitcoin Mining Data Center Adjacent to a Wind Farm
MARA,2024-04-01,03:00PM,3 Cryptocurrency Stocks Set to Soar in the Next Decade
MARA,2024-03-31,11:40AM,Why MARA Is the Top Crypto Stock to Buy to Play Bitcoins Unstoppable Rise
MARA,2024-03-28,06:25AM,MARA Stock: The Bitcoin Miner That Could Soar if BTC Hits $90K
MARA,2024-03-27,01:32PM,3 Blockchain Stocks on Sale: Grab the Discounts Before Prices Rise
MARA,2024-03-26,02:04PM,11 Crypto Stocks with Biggest Upside
MARA,2024-03-25,05:50PM,"Marathon Digital Holdings, Inc. (MARA) Ascends While Market Falls: Some Facts to Note"
MARA,2024-03-23,09:30AM,Bitcoin Halving Spurs Exodus of Old US Mining Computers Abroad
MARA,2024-03-21,05:10PM,Crypto Markets Mixed After Bernstein Sets A $90K Target For Bitcoin
MARA,2024-03-20,07:50AM,These 2 Crypto Stocks Are Down More Than 15% This Year -- Have They Become Bargain Buys?
MARA,2024-03-19,01:16PM,3 Mining Stocks Still Sitting at Crypto Winter Lows
MARA,2024-03-15,08:30AM,Marathon Digital Holdings Enters Definitive Agreement To Acquire 200-Megawatt Bitcoin Mining Data Center Adjacent to a Wind Farm
MARA,2024-03-14,06:00AM,Marathon Digital: Is the Bitcoin Miner a Better Bet Than the Coin Itself?
MARA,2024-03-13,02:09PM,Buy Alert: Crypto Stocks That Still Have Room to Run
MARA,2024-03-11,11:34PM,Bitcoin Mining Daily Revenue Hits Record as Tokens Price Surges
MARA,2024-03-08,11:08AM,"Bitcoin spikes above $70K, a record high, before fading"
MARA,2024-03-07,08:52PM,"Why Bitcoin Miners Marathon, Riot, and CleanSpark Soared in February"
MARA,2024-03-05,05:23PM,Marathon Digital Holdings Announces Bitcoin Production and Mining Operation Updates for February 2024
MARA,2024-03-04,06:10PM,"Bitcoin Price Tops $68,000"
MARA,2024-03-01,06:30AM,Why Selling Post-Earnings MARA Stock Now Could Be a Major Financial Fumble
MARA,2024-02-29,09:55AM,3 Short-Squeeze Stocks to Buy for 100% Upside Potential
MARA,2024-02-28,04:30PM,Marathon Digital Holdings Reports Fourth Quarter and Fiscal Year 2023 Results
MARA,2024-02-27,05:51PM,"Bitcoin's surge to $57,000 puts it within striking distance of all-time high"
MARA,2024-02-26,06:01AM,The Bitcoin Halving Is Coming! Why Thats Good News for Marathon Digital Stock.
MARA,2024-02-24,01:48PM,OrdinalsBot Mints Full BRC-20 Token Supply in a Single Bitcoin Transaction with Marathon Digital Holdings
MARA,2024-02-23,06:20AM,MARA Stock Analysis: Why Marathon Digital May Be a Better Bitcoin Bet
MARA,2024-02-22,03:12PM,Marathon Digital Holdings Launches Slipstream
MARA,2024-02-21,08:07AM,MARA Stock Analysis: Buy Marathon Digital  Before Bitcoins Next Halving Event?
MARA,2024-02-19,06:20PM,MARA Stock Outlook: The Future Looks Even Brighter as Bitcoin Prices Soar
MARA,2024-02-16,04:53PM,Why Marathon Digital Stock Is Jumping This Week
MARA,2024-02-15,06:00AM,MARA Stock Outlook: Marathon Digitals Long-Term Bet on Bitcoins Rise
MARA,2024-02-14,04:23PM,Marathon Digital Holdings Schedules Conference Call for Fourth Quarter and Fiscal Year 2023 Financial Results
MARA,2024-02-13,07:30AM,3 Speculative Stocks to Buy for a 50% Short-Squeeze Rally
MARA,2024-02-12,04:02PM,MARA Stock Forecast: Bitcoin Boom Adds to Marathon Digitals Potential
MARA,2024-02-11,06:53AM,3 Top Tech Stocks Under $20 per Share
MARA,2024-02-09,02:02PM,"Bitcoin Price Tops $47,000, Tests January Highs"
MARA,2024-02-08,01:24PM,"S&P 500 nears 5,000, Pinterest and Affirm report results: Yahoo Finance Live"
MARA,2024-02-05,04:43PM,"Here's Why Shares of Coinbase, Marathon Digital, and Riot Platforms All Fell in January"
MARA,2024-02-02,06:30AM,The One Big Issue With MARA Stock (Hint: Its Not Bitcoin Prices)
MARA,2024-02-01,05:15PM,Riding the Bitcoin Tide: Can MARA Stock Bounce Back in 2024?
MARA,2024-01-29,06:10AM,Why MARA Stock Is an Interesting (but Imperfect) Bitcoin Proxy
MARA,2024-01-26,10:19AM,"Bitcoin notches above $41K, Coinbase upgrade: Crypto news"
MARA,2024-01-25,06:57AM,3 Reasons MARA Stock Is a Buy After the Dip
MARA,2024-01-23,05:08PM,13 Most Buzzing Stocks To Buy Now
MARA,2024-01-17,06:32AM,"MARA Stock Warning: Know What You Own, or Get Out Now!"
MARA,2024-01-16,08:00AM,Marathon Digital Holdings Announces the Closing of its Acquisition of Bitcoin Mining Sites
MARA,2024-01-13,07:45AM,Where Will Marathon Digital Stock Be in 10 Years?
MARA,2024-01-12,03:55PM,"Why Marathon Digital, Riot Platforms, and Microstrategy Plunged Today"
MARA,2024-01-11,09:23PM,Marathon Digital Stock (NASDAQ:MARA): Dont Be a Victim of Sell the News
MARA,2024-01-10,09:48AM,"Stocks to Watch Wednesday: Boeing, Coinbase, HPE, Juniper Networks"
MARA,2024-01-09,07:00AM,"Marathon Digital Holdings To Participate in the 26th Annual Needham Growth Conference on January 18, 2024"
MARA,2024-01-08,08:23AM,"If You Invested $2,000 in Marathon Digital in 2018, This Is How Much You Would Have Today"
MARA,2024-01-05,07:00AM,"'Normalized corruption': RFK Jr. says Sam Bankman-Fried allegedly donating $100M of stolen funds to politicians, having charges dropped is worse than fraud itself. 3 legit ways to own crypto"
MARA,2024-01-04,07:00AM,Marathon Digital Holdings Announces Bitcoin Production and Mining Operation Updates for December 2023
MARA,2024-01-02,04:31PM,Bitcoin starts 2024 with another rally
WBA,2024-04-10,09:53AM,2 Beaten-Down Stocks That Haven't Been This Cheap in More Than 10 Years
WBA,2024-04-09,10:45AM,Walgreens Boots Alliances Integrated Approach to Medication Adherence
WBA,2024-04-07,05:35AM,Is Walgreens Boots Alliance's Dividend Still Safe?
WBA,2024-04-04,01:44PM,Amazon history: Beyond the Ticker
WBA,2024-04-03,01:48PM,"Hedge Fund and Insider Trading News: Cathie Wood, Steve Cohen, Nelson Peltz, Ken Griffin, Tiger Global Management, Walgreens Boots Alliance Inc (WBA), and More"
WBA,2024-04-02,10:45AM,Walgreens Boots Alliance Advances Global Health Equity Through Collaborative Partnerships
WBA,2024-04-01,05:29PM,S&P 500 Gains and Losses Today: Shares of Memory Chipmakers Push Higher
WBA,2024-03-31,02:17PM,Better Dividend Stock to Buy Now: Medtronic vs. Walgreens Boots Alliance
WBA,2024-03-30,01:00PM,Walgreens CEO: 'We are on a mission to achieve provider status for our pharmacists'
WBA,2024-03-29,04:54PM,"Walgreens frail quarter goes beyond the discretionary spending dips afflicting its competitors. Its just not very good at retailing, analyst says"
WBA,2024-03-28,07:46PM,Walgreens Boots CEO: We will beat Amazon because of our 'human interface' for customers
WBA,2024-03-27,05:05PM,"Walgreens earnings, GDP, consumer sentiment: What to Watch"
WBA,2024-03-26,11:18AM,"Truth Social, Consumer Confidence, Walgreens Earnings: What to Watch This Week"
WBA,2024-03-25,12:09PM,25 Sunniest States in the US
WBA,2024-03-24,02:00PM,"GameStop, Walgreens, Inflation  Numbers, More to Watch This Week"
WBA,2024-03-23,05:43AM,2 High-Yield Dividend Stocks Near 52-Week Lows. Time to Buy the Dips?
WBA,2024-03-22,05:45PM,Walgreens Boots Alliance (WBA) Declines More Than Market: Some Information for Investors
WBA,2024-03-21,05:50PM,Walgreens Boots Alliance (WBA) Stock Sinks As Market Gains: Here's Why
WBA,2024-03-20,01:23PM,Walgreens' (WBA) AllianceRx Pharmacy Will Distribute VIVJOA
WBA,2024-03-18,06:00AM,AI is helping retailers fight back against organized theft
WBA,2024-03-15,05:45PM,Walgreens Boots Alliance (WBA) Gains As Market Dips: What You Should Know
WBA,2024-03-14,01:41PM,7 Command Economy Countries and 7 Others with Big Government Presence
WBA,2024-03-13,01:15PM,How AI-powered technologies can eventually eradicate retail crime
WBA,2024-03-12,05:50PM,Walgreens Boots Alliance (WBA) Stock Drops Despite Market Gains: Important Facts to Note
CLSK,2024-04-01,07:00AM,CleanSpark Releases March 2024 Bitcoin Mining Update
CLSK,2024-03-29,12:00PM,CleanSpark (CLSK) Is Up 11.99% in One Week: What You Should Know
CLSK,2024-03-25,09:30AM,Wall Street Bulls Look Optimistic About Cleanspark (CLSK): Should You Buy?
CLSK,2024-03-21,05:10PM,Crypto Markets Mixed After Bernstein Sets A $90K Target For Bitcoin
CLSK,2024-03-19,03:07AM,15 Best Blockchain and Bitcoin ETFs
CLSK,2024-03-15,01:00PM,5 Growth Stocks Under $50 for March 2024
CLSK,2024-03-13,09:30AM,Are Options Traders Betting on a Big Move in Cleanspark (CLSK) Stock?
CLSK,2024-03-11,07:30AM,"Bitcoin tops $71,000, Reddit to raise nearly $750M in IPO: Yahoo Finance Live"
CLSK,2024-03-08,09:35AM,CleanSpark (CLSK) Just Flashed Golden Cross Signal: Do You Buy?
CLSK,2024-03-01,09:00AM,CleanSpark Releases February 2024 Bitcoin Mining Update
CLSK,2024-02-27,09:00AM,"CleanSpark Exceeds 15 EH/s, Completes Acquisition of Mississippi Bitcoin Mining Data Centers"
CLSK,2024-02-23,12:00PM,Are You Looking for a Top Momentum Pick? Why CleanSpark (CLSK) is a Great Choice
CLSK,2024-02-15,09:00AM,CleanSpark Exceeds 14 EH/s as Sandersville Expansion Comes Online
CLSK,2024-02-09,09:47AM,Why Is CleanSpark (CLSK) Stock Up 27% Today?
CLSK,2024-02-08,04:48PM,Cleanspark Inc (CLSK) Posts Stellar Q1 FY2024 Results with 165% Revenue Surge
CLSK,2024-02-07,04:54PM,CleanSpark extends rally after announcing plan to buy four mining facilities: CNBC Crypto World
CLSK,2024-02-06,09:00AM,"CleanSpark Announces Two New Acquisitions, Securing Power and Infrastructure to Reach 20 EH/s"
CLSK,2024-02-02,09:00AM,CleanSpark Releases January 2024 Bitcoin Mining Update
CLSK,2024-01-25,09:00AM,CleanSpark Executives to Discuss Fiscal First Quarter 2024 Financial Results Via Webcast
CLSK,2024-01-16,08:45AM,Mawson Infrastructure Group Inc. Announces Monthly Operational Update for December 2023
CLSK,2024-01-11,02:11PM,"Walgreens, Eli Lilly, Crypto CEOs and more: C-Suite Insights"
CLSK,2024-01-10,12:06PM,Bitcoin mining CEO calls ETF 'great entry point' for crypto
CLSK,2024-01-08,09:00AM,"CleanSpark Announces Strategic Agreement for up to 160,000 Bitmain S21 Miners, Path to 50 EH/s"
CLSK,2024-01-03,09:00AM,CleanSpark Releases December 2023 Bitcoin Mining Update
CLSK,2023-12-04,08:17AM,"CleanSpark, Inc. (NASDAQ:CLSK) Q4 2023 Earnings Call Transcript"
CLSK,2023-12-01,09:00AM,CleanSpark Releases November 2023 Bitcoin Mining Update
CLSK,2023-11-30,05:34PM,Cleanspark Inc (CLSK) Reports 28% Revenue Growth Amidst Market Volatility in FY2023
CLSK,2023-11-27,04:00PM,CleanSpark Executives to Discuss Fiscal Full Year 2023 Financial Results Via Webcast
CLSK,2023-11-02,09:00AM,CleanSpark Releases October 2023 Bitcoin Mining Update
CLSK,2023-10-27,09:00AM,CleanSpark Reaches Rare Bitcoin Mining Milestone at 10 EH/s
CLSK,2023-10-11,09:00AM,CleanSpark Acquires 4.4 EH/s of New Antminer S21 Bitcoin Miners; Expects to Achieve Hashrate of over 20 EH/s
CLSK,2023-10-03,09:00AM,CleanSpark Releases September 2023 Bitcoin Mining Update
CLSK,2023-09-05,09:00AM,CleanSpark Releases August 2023 Bitcoin Mining Update
CLSK,2023-08-11,03:43PM,This CleanSpark Insider Increased Their Holding By 250% Last Year
CLSK,2023-08-09,04:00PM,CleanSpark Reports Third Quarter FY2023 Financial Results; Announces 16 EH/s Expansion Fully Funded
CLSK,2023-08-02,09:00AM,CleanSpark Releases July 2023 Bitcoin Mining Update
CLSK,2023-07-25,09:00AM,CleanSpark Announces Fiscal Third Quarter 2023 Webcast; Reaches New Hashrate High of 8.5 EH/s
CLSK,2023-07-13,09:00AM,CleanSpark's Bitcoin Production Achieves 8 EH/s as $55M Expansion Goes Live
CLSK,2023-07-03,09:00AM,CleanSpark Releases June 2023 Bitcoin Mining Update
CLSK,2023-06-21,09:00AM,CleanSpark to Acquire Turnkey Bitcoin Mining Facilities for $9.3M in All-cash Deal
CLSK,2023-06-13,09:00AM,CleanSpark Announces Participation at Upcoming Investor Conferences this Summer
CLSK,2023-06-02,09:00AM,CleanSpark Releases May 2023 Bitcoin Mining Update
CLSK,2023-06-01,09:00AM,"CleanSpark Buys 12,500 Antminer S19 XP Bitcoin Miners for $40.5M"
CLSK,2023-05-10,04:00PM,CleanSpark Reports Second Quarter FY2023 Financial Results
CLSK,2023-05-03,09:00AM,CleanSpark Releases April 2023 Bitcoin Mining Update
CLSK,2023-04-27,09:00AM,CleanSpark Executives to Discuss Fiscal Second Quarter 2023 Financial Results via Webcast
CLSK,2023-04-26,11:03AM,"Bitcoin Could Skyrocket to $100,000, According to Standard Chartered  Here Are 3 Stocks to Take Advantage"
CLSK,2023-04-11,09:00AM,CleanSpark to Double its Bitcoin Mining Capacity with $144.9M Expansion Deal
CLSK,2023-04-10,09:00AM,CleanSpark Announces Participation at Upcoming Investor Conferences this Spring
CLSK,2023-04-03,09:00AM,CleanSpark Releases March 2023 Bitcoin Mining Update
CLSK,2023-03-23,09:00AM,CleanSpark Releases ESG and Corporate Responsibility Report
CLSK,2023-03-02,09:00AM,CleanSpark Releases February 2023 Bitcoin Mining Update
CLSK,2023-02-27,09:00AM,"Cryptech Reaches New Milestones, Announces Sale of 20,000 Machines to CleanSpark"
CLSK,2023-02-16,09:00AM,"CleanSpark Announces Purchase of 20,000 New Latest Generation Mining Machines"
CLSK,2023-02-13,06:32AM,"CleanSpark, Inc. (NASDAQ:CLSK) Q1 2023 Earnings Call Transcript"
CLSK,2023-02-09,04:00PM,CleanSpark Reports First Quarter FY2023 Financial Results
CLSK,2023-02-02,09:00AM,CleanSpark Releases January 2023 Bitcoin Mining Update
CLSK,2023-01-30,12:26PM,CORRECTION: CleanSpark Executives to Discuss Fiscal First Quarter 2023 Financial Results via Webcast
CLSK,2023-01-19,09:00AM,CleanSpark Breaks Ground on 50 Megawatt Bitcoin Mining Expansion
CLSK,2023-01-11,09:00AM,CleanSpark Earns 2022 Great Place to Work Certification
CLSK,2023-01-04,09:00AM,CleanSpark Releases December 2022 Bitcoin Mining Update
CLSK,2022-12-22,10:56AM,"CleanSpark, Inc. (NASDAQ:CLSK) Q4 2022 Earnings Call Transcript"
CLSK,2022-12-21,09:00AM,CleanSpark Surpasses Revised Year End Hashrate of 6 EH/s
CLSK,2022-12-14,04:02PM,CleanSpark Reports Fourth Quarter and Year End FY2022 Financial Results
CLSK,2022-12-02,09:00AM,CleanSpark Releases November 2022 Bitcoin Mining Update
CLSK,2022-12-01,09:00AM,CleanSpark Expands Board of Directors with Appointment of Bitcoin Policy Expert Amanda Cavaleri
CLSK,2022-11-30,09:00AM,CleanSpark Executives to Discuss Fiscal Full Year and Fourth Quarter 2022 Financial Results Via Webcast
CLSK,2022-11-17,09:00AM,CleanSpark Earns Top Spot on Deloittes 2022 Technology Fast 500 List
CLSK,2022-11-03,09:00AM,CleanSpark Releases October 2022 Bitcoin Mining Update
CLSK,2022-11-01,09:00AM,"CleanSpark Expands Bitcoin Mining Fleet with Purchase of 3,853 Latest Generation Machines"
CLSK,2022-10-25,09:00AM,"CleanSpark Exceeds 2022 Guidance Two Months Early, Achieving 5 EH/s; Raises Year-end Hashrate Guidance by 10%"
CLSK,2022-10-18,09:00AM,Sustainable Bitcoin Miner CleanSpark Welcomes Investors and Analysts to its Mining Campuses in Atlanta
CLSK,2022-10-11,09:00AM,"Mawson Infrastructure Group Inc. Announces Completion of the Previously Announced Sale of Its Sandersville, Georgia Facility and 6,468 ASICs to CleanSpark, Inc. for up to Approximately $40 Million1"
CLSK,2022-10-04,09:00AM,CleanSpark Releases September 2022 Bitcoin Mining Update
CLSK,2022-09-27,09:00AM,CleanSpark Exceeds Hashrate Guidance with Over 4 EH/s of Low-Carbon Network Strength
CLSK,2022-09-12,09:00AM,CleanSpark Announces Participation at Upcoming Investor Conferences this September
CLSK,2022-09-09,09:00AM,"Mawson Infrastructure Group Inc. to Sell Sandersville, Georgia Bitcoin Mining Facility Including 6468 ASIC Bitcoin Miners to CleanSpark, Inc. for up to $42.5 Million"
CLSK,2022-09-07,09:00AM,"CleanSpark Buys 10,000 More Latest Generation Mining Machines, Extending Summer of Acquisitions"
CLSK,2022-09-02,09:00AM,CleanSpark Releases August 2022 Bitcoin Mining Update
CLSK,2022-08-30,09:00AM,CleanSparks Hashrate Exceeds 3 Exahashes Following Summer of Acquisitions
CLSK,2022-08-19,09:00AM,CleanSpark Completes Acquisition of Recently Announced 86MW Facility in Georgia
CLSK,2022-08-09,04:00PM,CleanSpark Reports Third Quarter FY2022 Financial Results
CLSK,2022-08-03,09:00AM,CleanSpark Announces July 2022 Bitcoin Mining Update
CLSK,2022-07-29,09:00AM,CleanSpark Executives to Discuss Fiscal Third Quarter 2022 Financial Results Via Webcast
CLSK,2022-07-28,08:11PM,Want to Ride the Bitcoin Rally? Here Are 2 Bitcoin Mining Stocks That Analysts Like
CLSK,2022-07-14,09:16AM,"CleanSpark buys 1,061 bitcoin miners at a 'substantially discounted' price"
CLSK,2022-07-06,02:27PM,"CleanSpark stock pulls back after reporting June bitcoin sales, production data"
F,2024-04-09,05:45PM,Ford Motor Company (F) Exceeds Market Returns: Some Facts to Consider
F,2024-04-08,08:50AM,Fast-paced Momentum Stock Ford Motor (F) Is Still Trading at a Bargain
F,2024-04-05,04:13PM,Tesla Regained Its World's Top EV Seller Crown But It Is Still In The Woods
F,2024-04-04,02:29PM,Ford postpones rollout of some new EVs as demand wanes
F,2024-04-03,04:24PM,"Demand for Hybrids, SUVs Help Lift Ford's First-Quarter Sales"
F,2024-04-02,03:06PM,"Tesla, GM, Toyota, Honda, and all the other auto makers that just reported sales"
F,2024-04-01,04:00AM,Bull of the Day: Ford Motor (F)
F,2024-03-31,10:31PM,25 Richest Billionaires in Automotive Industry
F,2024-03-30,07:07AM,25 Largest Automotive Companies and Suppliers in the World
F,2024-03-29,01:07PM,Ford and Stellantis are facing inquiries over F-150 and Ram safety issues
F,2024-03-28,05:45PM,Ford Motor Company (F) Exceeds Market Returns: Some Facts to Consider
F,2024-03-26,12:19PM,"GM, Ford will reroute Baltimore shipments after bridge collapse"
F,2024-03-21,05:45PM,Ford Motor Company (F) Gains But Lags Market: What You Should Know
F,2024-03-20,03:57PM,"New Vehicle Emissions Rules Are Good for Ford, GM, and Tesla"
F,2024-03-19,06:02PM,Energy Department Pulls Back on Fuel Economy Standards as EV Sales Slump
F,2024-03-18,09:40AM,Should Value Investors Buy Ford Motor (F) Stock?
F,2024-03-16,07:00AM,Dwayne Johnson's Net Worth
F,2024-03-15,05:45PM,Ford Motor Company (F) Stock Moves -0.17%: What You Should Know
F,2024-03-12,09:00AM,Ford (F) Agrees to Pay $365M to Settle Tariff Act Breach
F,2024-03-06,02:01PM,Elon Musk Shows Hand Of Good Faith To EV Competitor Ford But This Surprise EV Maker Saw A 38% Stock Price Decline Because Of Growing Concerns
F,2024-03-05,03:37PM,15 Countries with Most Car Exports in the World
F,2024-03-04,06:25PM,"Tesla, EV stocks slide on startling news, but Ford rallies"
F,2024-03-01,10:47AM,"Tesla, Plug Power, SoundHound AI: Trending Tickers"
F,2024-02-29,05:54PM,Ford's competitive advantage: EVs now charge with Tesla tech
F,2024-02-28,08:17PM,"Ford electric vehicle owners can now charge on Tesla's network, but they'll need an adapter first"
CCL,2024-04-10,09:15AM,Carnival Corporation Announces Significant Sustainability Achievements
CCL,2024-04-09,09:09AM,Is Carnival Stock a Buy on the Dip?
CCL,2024-04-08,10:00AM,Holland America Line Becomes First Global Cruise Line to Receive International Seafood Certifications
CCL,2024-04-07,08:23PM,"18 Affordable Places to Retire Outside the US for $2,000 a Month"
CCL,2024-04-05,05:56PM,What You Need To Know About Cruise Operator Viking's IPO
CCL,2024-04-04,09:30AM,"Carnival Corporation Port Destination, Mahogany Bay Cruise Center, Earns Ecological Blue Flag Distinction for Exceptional Environmental Stewardship"
CCL,2024-04-03,01:50PM,"Holland America Line Releases Refreshed 2025 Grand World Voyage Itinerary Including New Ports, Different Entry to Europe"
CCL,2024-04-02,11:00AM,Carnival Corporation EVP Joins International Initiative to Reduce Food Loss
CCL,2024-04-01,02:34PM,"Carnival Stock Has 54% Upside, According to 1 Wall Street Analyst"
CCL,2024-03-31,11:53AM,12 Best S&P 500 Stocks To Buy According to Analysts
CCL,2024-03-30,10:15AM,"Should Investors Still Buy Carnival Cruise Stock Right Now, Even After Shares Doubled?"
CCL,2024-03-28,06:50PM,Top 15 Cities to Teach English in Latin America
CCL,2024-03-27,06:31PM,Asia Stocks Poised to Open Higher on US Tailwinds: Markets Wrap
CCL,2024-03-26,10:01AM,"Carnival Corporation Orders an Additional Excel-Class Ship for Carnival Cruise Line, the Line's 5th Excel-Class Ship and the 11th Across the Global Fleet"
CCL,2024-03-25,04:18PM,"Carnival Stock Has 29% Upside, According to 1 Wall Street Analyst"
CCL,2024-03-24,10:58AM,What To Expect in the Markets This Week
CCL,2024-03-22,04:31PM,"Fedspeak, PCE print, GameStop earnings: What to Watch Next Week"
CCL,2024-03-21,10:09AM,Is a Surprise Coming for Carnival (CCL) This Earnings Season?
CCL,2024-03-20,05:02PM,S&P 500 Gains and Losses Today: Index Prints Record Close as Fed Affirms Forecasts
CCL,2024-03-18,05:45PM,Carnival (CCL) Stock Falls Amid Market Uptick: What Investors Need to Know
CCL,2024-03-16,07:30AM,Breaking Down the New York Community Bancorp Situation
CCL,2024-03-15,09:42AM,Holland America Line's 2025-2026 Mexico and Pacific Coast Seasons Offer Rare Great Bear Rainforest Itinerary and Sea of Cortez Cruises
CCL,2024-03-14,01:34PM,Turbulence Ahead? 3 Travel Stocks to Scrutinize After the Expedia Layoffs
CCL,2024-03-13,10:52AM,"Megaships to Add Fresh Fuel to Cruise-Line Demand, Goldman Says"
CCL,2024-03-12,11:26AM,"Cunard's Culinary Team Showcased on Award-Winning TV Program ""Les Stroud's Wild Harvest"""
CCL,2024-03-11,05:45PM,Carnival (CCL) Dips More Than Broader Market: What You Should Know
CCL,2024-03-10,08:29AM,"Information Services Group, Inc. (NASDAQ:III) Q4 2023 Earnings Call Transcript"
CCL,2024-03-08,05:04PM,S&P 500 Gains and Losses Today: Costco Shares Drop After Quarterly Revenue Miss
CCL,2024-03-06,11:30AM,Holland America Line's Spring Sale Offers Up to 50% Off Cruise Fares and Onboard Spending Credit for Upcoming Departures
CCL,2024-03-04,09:28AM,Holland America Line Opens Bookings for 2025-2026 Panama Canal and Hawaii Cruises
CCL,2024-03-03,09:00AM,Better Cruise Line Stock: Carnival vs. Royal Caribbean Cruises
CCL,2024-03-01,10:03AM,Anheuser-Busch InBev SA/NV (NYSE:BUD) Q4 2023 Earnings Call Transcript
SOFI,2024-04-10,09:05AM,Is This SoFi Stock's Biggest Risk Right Now?
SOFI,2024-04-09,10:00AM,SoFi Announces New Partnership with #4 World Ranked Professional Golfer and Reigning U.S. Open Champion Wyndham Clark
SOFI,2024-04-08,07:33PM,Analyst revamps SoFi stock price target ahead of earnings
SOFI,2024-04-07,02:00PM,1 Wall Street Analyst Raises SoFi Technologies Stock's Price Target by 15%. Here's Why He's Right
SOFI,2024-04-05,05:45PM,"SoFi Technologies, Inc. (SOFI) Exceeds Market Returns: Some Facts to Consider"
SOFI,2024-04-04,10:37AM,"SoFi Stock Has 31% Upside, According to 1 Wall Street Analyst"
SOFI,2024-04-03,03:33PM,Needham Is Pounding the Table on SoFi (SOFI) Stock
SOFI,2024-04-02,12:00PM,SoFi Technologies (SOFI) Upgraded to Buy: Here's What You Should Know
SOFI,2024-04-01,04:19PM,4 Top Growth Stocks to Buy in April
SOFI,2024-03-28,05:45PM,"SoFi Technologies, Inc. (SOFI) Stock Dips While Market Gains: Key Facts"
SOFI,2024-03-27,01:58PM,"Buy Now, Celebrate Later: 3 Fintech Stocks Poised for Growth in Q2"
SOFI,2024-03-26,11:56AM,Checking In on Dollar Stores and Duolingo
SOFI,2024-03-25,03:11PM,3 Stocks to Drive Your Wealth 10X by 2030
SOFI,2024-03-24,08:30AM,1 No-Brainer Growth Stock to Buy Now With $100 and Hold Through 2024 (and Beyond)
SOFI,2024-03-22,08:00AM,Dividend Stocks or Growth Stocks: Is Bank of America or SoFi Technologies the Better Stock to Buy?
SOFI,2024-03-21,05:45PM,"SoFi Technologies, Inc. (SOFI) Beats Stock Market Upswing: What Investors Need to Know"
SOFI,2024-03-19,04:10PM,You Won't Believe My Shocking SoFi Stock Prediction for 2024!
SOFI,2024-03-18,09:36AM,What Is Going On With SoFi Stock?
SOFI,2024-03-15,06:35AM,Multibagger Mayhem: 3 Stocks Set to Shatter Expectations
SOFI,2024-03-14,09:06AM,1 Wall Street Analyst Thinks SoFi Stock Is Going to $14. Is It a buy at $7.38?
SOFI,2024-03-13,05:45PM,"SoFi Technologies, Inc. (SOFI) Declines More Than Market: Some Information for Investors"
SOFI,2024-03-12,04:48PM,Budget Buys: 3 Under-$100 Fintech Stocks Fueling Digital Finance
SOFI,2024-03-10,01:00PM,3 Beaten-Down Cathie Wood Stocks Worth Betting On in March
SOFI,2024-03-09,06:00AM,7 Stellar Stock Picks to Generate a Decade Worth of Returns in One Year
SOFI,2024-03-08,11:36AM,SoFis Capital Raise Could Help Convert Bears Into Bulls. The Stock Is Rising.
SOFI,2024-03-07,07:56AM,Golden Picks: 3 Under-$20 Stocks Set to Quintuple by 2027
SOFI,2024-03-06,04:27PM,"These Stocks Moved the Most Today: NYCB, CrowdStrike, JD.com, Foot Locker, Nordstrom, Palantir, Super Micro, and More"
SOFI,2024-03-05,09:23PM,"SoFi Technologies, Inc. Prices $750 Million Convertible Senior Notes Offering Due 2029"
SOFI,2024-03-04,08:00AM,Galileo Expands Collaboration with The Bancorp to Offer Real-Time Payments via The Clearing House
SOFI,2024-02-29,04:29PM,"These Under-the-Radar ""Magnificent 7"" Alternatives Can Help You Get Rich"
SOFI,2024-02-28,09:47AM,Cathie Wood Was Buying These 11 Stocks for 2024
SOFI,2024-02-26,05:36PM,3 Game-Changing Stocks to Double Your Money by 2026
SOFI,2024-02-24,07:33AM,2 Artificial Intelligence (AI) Stocks That Could Go Parabolic
SOFI,2024-02-23,10:30AM,Big News for SoFi Stock Investors
SOFI,2024-02-22,04:19PM,"3 Stocks That Could Turn $5,000 into $50,000"
T,2024-04-10,07:00AM,Should Investors Buy AT&T Instead of Verizon?
T,2024-04-09,09:51AM,How's AT&T Handling Things?
T,2024-04-08,07:50AM,Is Verizon A Buy As 5G Network Build-Out Gains Momentum?
T,2024-04-06,02:40PM,Will the total solar eclipse disrupt your cell service?
T,2024-04-04,01:30PM,"73 Million AT&T Users' Data Leaked As Hacker Said, 'I Don't Care If They Don't Admit. I'm Just Selling' Auctioned At Starting Price Of $200K"
T,2024-04-03,06:31PM,Mexican broadcaster Televisa buys out AT&T's stake in Sky Mexico
T,2024-04-02,07:06PM,15 Fastest Growing Counties in the US
T,2024-04-01,05:18PM,Why AT&T Stock Sagged on Monday
T,2024-03-31,09:51PM,AT&T Stock In Focus After Data Breach Watch These Key Price Levels
T,2024-03-30,07:14PM,Top 10 Fastest Growing Cities in Texas
T,2024-03-29,04:35PM,AT&T Declares Dividends on Common and Preferred Shares
T,2024-03-28,03:35PM,15 Best 5G Stocks To Buy According to Hedge Funds
T,2024-03-27,05:15AM,Have $500? 3 Absurdly Cheap Stocks Long-Term Investors Should Buy Right Now
T,2024-03-26,11:41AM,"Jerry Levin, known as the CEO who pushed for the worst merger in corporate history, is less known for falling on his sword for the $350 billion deal later in life"
T,2024-03-25,06:33AM,"The Fed Wants to Cut Rates, Why Markets Should Brace for It Not to. And 5 Other Things to Know Before Markets Open."
T,2024-03-24,06:26AM,"Even Though I Recently Switched to AT&T, I Still Think Verizon Is a Better Dividend Stock"
T,2024-03-23,04:00AM,Pensions Are a New Business for Private Equity. Retirees Sue Over Deals.
T,2024-03-22,10:45AM,3 Stocks I'm Adding to My Retirement Account in March
T,2024-03-20,09:15AM,Should You Buy AT&T While It's Below $20?
T,2024-03-19,05:49PM,Why wireless companies are struggling to monetize 5G investments
T,2024-03-16,09:50AM,"Zedge, Inc. (AMEX:ZDGE) Q2 2024 Earnings Call Transcript"
T,2024-03-15,02:08PM,AT&Ts History Is a Mess. Why the Stock Could Rise 30%.
T,2024-03-13,11:54PM,"Gerald Levin, Who Guided Time Inc.s Rise and Fall, Dies at 84"
T,2024-03-12,06:49PM,15 Biggest Telecom Companies in the US
T,2024-03-11,01:16PM,16 Worst Jobs in the US in 2024
T,2024-03-08,06:00PM,FCC investigating AT&T after widespread outage
T,2024-03-07,11:56AM,FCC Conducting Thorough Investigation Into AT&T Outage
T,2024-03-06,07:37AM,10 Stocks Warren Buffett and Insiders Are Crazy About
BAC,2024-04-10,07:47AM,5 Things to Know Before the Stock Market Opens
BAC,2024-04-09,06:42PM,Why Analysts Say They're Bullish on Apple Despite China Headwinds
BAC,2024-04-08,04:52PM,13 Cheap High Dividend Stocks To Invest In Now
BAC,2024-04-06,08:47PM,10 Best Weight Loss Drug Stocks to Buy Now
BAC,2024-04-05,04:26PM,What to Expect From Wednesday's Inflation Report
BAC,2024-04-04,04:55PM,The pressure on Goldman CEO David Solomon is not letting up in 2024
BAC,2024-04-03,05:59PM,When Will the Federal Reserve Start Cutting Interest Rates?
BAC,2024-04-02,11:33AM,"bluebird bio, Inc. (NASDAQ:BLUE) Q4 2023 Earnings Call Transcript"
BAC,2024-04-01,05:50PM,Disney Proxy Battle Comes to a Head at Shareholder Meeting Wednesday What You Need To Know
BAC,2024-03-31,11:39PM,12 Best Places to Retire in Bali
BAC,2024-03-29,09:00AM,Investors Heavily Search Bank of America Corporation (BAC): Here is What You Need to Know
BAC,2024-03-28,11:02PM,20 Countries with Highest GDP per Capita by 2024
BAC,2024-03-27,12:12PM,DouYu International Holdings Limited (NASDAQ:DOYU) Q4 2023 Earnings Call Transcript
BAC,2024-03-26,09:03PM,Top 20 Youngest Richest Women in the World
BAC,2024-03-25,05:45PM,Bank of America (BAC) Suffers a Larger Drop Than the General Market: Key Insights
BAC,2024-03-24,12:31PM,20 Best Websites and Blogs For ETF Research
BAC,2024-03-23,09:48AM,Lufax Holding Ltd (NYSE:LU) Q4 2023 Earnings Call Transcript
BAC,2024-03-22,09:54PM,15 Best Places in Pennsylvania for a Couple to Live on Only Social Security
BAC,2024-03-21,06:46PM,"Nike Falls on Earnings Beat, Plans to Continue Cutting Supply"
GOOGL,2024-04-10,10:21AM,"Baidu Stock Has 70% Upside, According to 1 Wall Street Analyst"
GOOGL,2024-04-09,11:29PM,Google unveils first Arm-based data center CPU to reduce its reliance on AI chipmakers amid surging Capex
GOOGL,2024-04-08,09:30PM,"We're done selling Alphabet for the trust, says Jim Cramer"
VALE,2024-04-09,06:00PM,VALE S.A. (VALE) Flat As Market Gains: What You Should Know
VALE,2024-04-08,10:00AM,4 Factors Driving Vale's Long-Term Returns
VALE,2024-04-05,09:00AM,VALE S.A. (VALE) Is a Trending Stock: Facts to Know Before Betting on It
VALE,2024-04-04,06:30PM,12 Most Populated Countries in South America
VALE,2024-04-02,06:00PM,VALE S.A. (VALE) Ascends While Market Falls: Some Facts to Note
VALE,2024-04-01,01:37PM,3 Stocks to Buy for Exposure to the Most Undervalued Asset Class
VALE,2024-03-31,10:45AM,14 Best High-Yield Dividend Stocks To Buy Now
VALE,2024-03-28,09:08AM,7 Blue-Chip Stocks That Will Outperform the Dow in the 5 Five Years
VALE,2024-03-26,04:14PM,3 Stocks Set to Outperform in the Next Bull Market
VALE,2024-03-25,06:00PM,VALE S.A. (VALE) Stock Moves -0.16%: What You Should Know
VALE,2024-03-19,06:00PM,VALE S.A. (VALE) Outpaces Stock Market Gains: What You Should Know
VALE,2024-03-18,10:15AM,"Lula Irks Investors in Bid to Spur Brazil Growth, Boost Approval"
VALE,2024-03-13,09:04PM,Rate Cut Renegades: 7 Stocks to Snag Before the Feds Next Move
VALE,2024-03-12,08:23PM,Analyst Report: Vale S.A.
VALE,2024-03-11,07:01AM,Vale SA's Dividend Analysis
VALE,2024-03-06,05:50PM,VALE S.A. (VALE) Outperforms Broader Market: What You Need to Know
VALE,2024-02-29,05:50PM,Here's Why VALE S.A. (VALE) Gained But Lagged the Market Today
VALE,2024-02-28,09:00AM,VALE S.A. (VALE) Is a Trending Stock: Facts to Know Before Betting on It
VALE,2024-02-27,05:30PM,3 Undervalued Stocks Trading at a P/E of Less Than 10: February Edition
VALE,2024-02-26,05:19AM,Vale Base Metals Finalizes Plans to Reduce Equity Interest in PT Vale Indonesia Tbk
VALE,2024-02-25,11:54PM,Iron Ore Falls to Four-Month Low on Weak China Steel Demand
VALE,2024-02-24,01:54PM,5 Best Copper Stocks To Invest In According To Analysts
VALE,2024-02-22,04:09AM,Anglo American Posts Steep Profit Fall and Lowers Dividend
VALE,2024-02-21,08:56AM,Why Vale (VALE) Might Surprise This Earnings Season
VALE,2024-02-19,01:31PM,7 Low-Cost Call Options With High-Profit Potential
VALE,2024-02-14,05:50PM,VALE S.A. (VALE) Ascends But Remains Behind Market: Some Facts to Note
VALE,2024-02-13,12:03PM,3 Global Blue-Chip Stocks to Buy and Hold Until 2030
VALE,2024-02-12,06:51AM,5 Largest Mining Companies by Market cap
VALE,2024-02-07,05:50PM,VALE S.A. (VALE) Ascends But Remains Behind Market: Some Facts to Note
VALE,2024-02-04,06:53AM,10 Most Innovative Economies in Central and South America
VALE,2024-02-02,04:06PM,Vales Board Advised to Consider Outside Candidates in Search for Next CEO
VALE,2024-01-31,05:50PM,VALE S.A. (VALE) Stock Moves -1.44%: What You Should Know
VALE,2024-01-30,06:00PM,Here's Why VALE S.A. (VALE) Fell More Than Broader Market
VALE,2024-01-25,04:01PM,"Vale, BHP Ordered to Pay $9.7 Billion for 2015 Brazilian Dam Disaster"
VALE,2024-01-24,06:00PM,VALE S.A. (VALE) Exceeds Market Returns: Some Facts to Consider
VALE,2024-01-23,05:08PM,13 Most Buzzing Stocks To Buy Now
VALE,2024-01-22,06:22PM,3 Emerging Market Stocks to Buy for 5X Gains by 2027
VALE,2024-01-17,06:00PM,VALE S.A. (VALE) Sees a More Significant Dip Than Broader Market: Some Facts to Know
VALE,2024-01-15,11:20PM,Analyst Report: Vale S.A.
VALE,2024-01-11,06:00PM,VALE S.A. (VALE) Gains As Market Dips: What You Should Know
VALE,2024-01-09,07:00PM,Chinas Export Controls Might Trigger a U.S. Graphite Boom
VALE,2024-01-05,06:00PM,VALE S.A. (VALE) Stock Drops Despite Market Gains: Important Facts to Note
VALE,2024-01-03,01:43PM,7 Dividend-Paying Stocks To Add To Your Income Portfolio In 2024
VALE,2023-12-29,06:00PM,VALE S.A. (VALE) Stock Moves -0.19%: What You Should Know
VALE,2023-12-26,06:00AM,Got $20? 3 Blue-Chip Stocks to Buy for High Total Returns
VALE,2023-12-25,05:16AM,3 Blue-Chip Stocks Set for a 50% Surge in the Coming Year
VALE,2023-12-24,06:14PM,11 Best Nickel Stocks to Buy Now
VALE,2023-12-23,07:37PM,13 Best Mining Stocks To Buy Now
VALE,2023-12-22,05:50PM,VALE S.A. (VALE) Stock Sinks As Market Gains: What You Should Know
VALE,2023-12-19,07:09PM,3 Key Stocks to Capitalize on Rising Resource Scarcity
VALE,2023-12-18,08:38AM,Analyst Report: Vale S.A.
VALE,2023-12-17,04:41AM,9 Best Cobalt Stocks to Buy Now
VALE,2023-12-14,01:41PM,3 Emerging Market Stocks to Ride the Next Bull Run
VALE,2023-12-09,03:43PM,15 Poorest Countries in South America and the Caribbean
VALE,2023-12-07,06:08PM,12 Largest Platinum Producing Countries in the World
VALE,2023-12-06,04:14PM,UPDATE 1-Brazil says talks on compensation over Vale-BHP dam burst are halted
VALE,2023-12-05,06:26AM,"China Cant Control the Price of Iron Ore, Vale CEO Says"
VALE,2023-12-01,08:34AM,Is the Options Market Predicting a Spike in Vale (VALE) Stock?
VALE,2023-11-29,05:21AM,"Theres an Opportunity Brewing in These 3 Stocks, Says Goldman Sachs"
VALE,2023-11-21,05:00PM,Wheaton Precious Metals and Vale Base Metals Announce Achievement of First Phase Completion Test at Salobo
VALE,2023-11-20,04:11PM,10 Largest Cobalt Mining Companies and Their Mines in the World
VALE,2023-11-18,07:30AM,3 Battery Stocks Youll Regret Not Buying Soon: November 2023
VALE,2023-11-17,09:32AM,20 Most Valuable Brazilian Companies Heading into 2024
VALE,2023-11-16,02:49AM,"Plug Power gets another downgrade, shares plunge: 4 big analyst cuts"
VALE,2023-11-03,02:48PM,"Top Stock Reports for ServiceNow, Caterpillar & Starbucks"
VALE,2023-11-01,11:21AM,"VALE (VALE) Q3 Earnings Beat Estimates, Revenues Up Y/Y"
VALE,2023-10-31,07:16PM,12 Best Metal Stocks To Invest In
VALE,2023-10-30,12:55PM,Vale Is One of My Top Picks: How's It Doing?
VALE,2023-10-29,02:33PM,Vale S.A. (NYSE:VALE) Q3 2023 Earnings Call Transcript
VALE,2023-10-27,04:32PM,"EMERGING MARKETS-Brazil markets slip after Lula's fiscal comments, Latam indexes eye weekly gains"
VALE,2023-10-26,05:49PM,"Vale Unveils $4 Billion in Dividends, Buyback Program to Reward Investors"
VALE,2023-10-19,12:06PM,Vale (VALE) Gears Up to Report Q3 Earnings: What to Expect?
GOLD,2024-04-09,01:07PM,"Stocks to Watch Tuesday: Blackberry, Tesla, BP"
GOLD,2024-04-08,10:40AM,"Mali expects 14% drop in industrial gold production, mines ministry says"
GOLD,2024-04-05,02:23PM,Biggest Gold Miners Are Missing Out on Bullions Record Run
GOLD,2024-04-04,07:30AM,"NevGold Stakes Highly Prospective Zeus Copper Project Within The Hercules Copper Trend, Washington County, Idaho"
GOLD,2024-04-03,09:30AM,Wall Street Bulls Look Optimistic About Barrick Gold (GOLD): Should You Buy?
GOLD,2024-04-02,12:48PM,"Top Stock Movers Now: Tesla, PVH, Humana, and More"
GOLD,2024-04-01,10:29AM,Gold Hits an All-Time High. Its Beating the S&P 500.
GOLD,2024-03-28,05:20PM,Strategy-Driven Barrick Builds on Value Foundation
GOLD,2024-03-27,07:40AM,Billionaire Stanley Druckenmiller's Top 12 Stock Picks
GOLD,2024-03-25,09:14AM,Barrick (GOLD) Looks for Gold and Copper Opportunities in DRC
GOLD,2024-03-24,08:10AM,13 Most Profitable Gold Stocks To Invest In
GOLD,2024-03-22,06:32PM,3 Gold Mining Stocks That Could Strike It Rich for Investors in 2024
GOLD,2024-03-21,06:15PM,Barrick Gold (GOLD) Surpasses Market Returns: Some Facts Worth Knowing
GOLD,2024-03-20,02:58PM,30 Countries With the Lowest GDP Per Capita in the World
GOLD,2024-03-19,09:05AM,10 Best Gold ETFs To Buy Now
GOLD,2024-03-18,07:24AM,Analyst Report: Barrick Gold Corporation
GOLD,2024-03-17,10:55PM,"Gold Miners, Enjoying Record Prices, Are Wary of Hedging Their Bets"
GOLD,2024-03-15,11:30AM,Barrick Gold (GOLD) Up 8% Since Last Earnings Report: Can It Continue?
GOLD,2024-03-14,06:15PM,Here's Why Barrick Gold (GOLD) Fell More Than Broader Market
GOLD,2024-03-10,06:00AM,Loulo-Gounkoto Delivers Another Value-Creating Performance
GOLD,2024-03-07,06:15PM,Barrick Gold (GOLD) Outperforms Broader Market: What You Need to Know
GOLD,2024-03-04,08:13PM,Analyst Report: Barrick Gold Corporation
GOLD,2024-03-03,12:22AM,How to Invest in a Bull Market
GOLD,2024-03-01,08:17PM,Passing of the Right Honorable Brian Mulroney
GOLD,2024-02-29,04:14PM,25 Countries with Most Gold Reserves in 2024
GOLD,2024-02-23,10:48AM,12 Best Gold Stocks Under $25
GOLD,2024-02-22,04:00PM,What Would Stanley Druckenmiller Do? 3 Stocks the Famed Investor Bought & Sold in Q4.
GOLD,2024-02-20,02:15PM,12 Best Gold Mining Companies to Invest In According to Analysts
GOLD,2024-02-16,08:45AM,"Royal Gold, Inc. (NASDAQ:RGLD) Q4 2023 Earnings Call Transcript"
GOLD,2024-02-15,04:30PM,3 Stocks to Buy Hand Over Fist After Blowout Earnings
GOLD,2024-02-14,05:45PM,Barrick Gold (GOLD) Q4 2023 Earnings Call Transcript
GOLD,2024-02-13,08:23PM,Analyst Report: Barrick Gold Corporation
GOLD,2024-02-12,09:22AM,Five Key Charts to Watch in Global Commodities This Week
GOLD,2024-02-09,08:00PM,NGM Strongly Positioned for Growth
GOLD,2024-02-08,07:00AM,"Geologically Driven Asset Management Delivers Barrick's Third Successive Year of Reserve Growth at Sustained Quality, While Unlocking Embedded Growth Portfolio"
GOLD,2024-02-07,10:00AM,Barrick Gold (GOLD) Reports Next Week: Wall Street Expects Earnings Growth
GOLD,2024-02-06,02:10PM,11 Best Gold Stocks For Inflation
GOLD,2024-02-05,06:15PM,Here's Why Barrick Gold (GOLD) Fell More Than Broader Market
GOLD,2024-02-02,11:44AM,First Quantum Bonds Rally as Miner Works to Free Up Cash
GOLD,2024-02-01,02:02PM,John Hussman's Strategic Moves Spotlight PepsiCo Inc with a 1.14% Portfolio Impact
GOLD,2024-01-31,02:23PM,3 Precious Metals Stocks That Are Golden Opportunities in 2024
GOLD,2024-01-30,11:55AM,Barrick's (GOLD) Kibali Paves the Way for Sustainable Mining
GOLD,2024-01-29,06:15PM,Barrick Gold (GOLD) Outperforms Broader Market: What You Need to Know
GOLD,2024-01-27,04:00AM,Barrick Continues to be a Major Value Creator for Mali
GOLD,2024-01-26,10:10PM,Barrick (GOLD) Expedites Lumwana Super Pit Expansion Project
GOLD,2024-01-25,09:55AM,Jim Cramer is Recommending These 10 Stocks
GOLD,2024-01-23,11:43AM,Barrick (GOLD) Achieves Production Targets in Tanzanian Mines
GOLD,2024-01-22,06:15PM,Barrick Gold (GOLD) Stock Sinks As Market Gains: What You Should Know
GOLD,2024-01-21,07:00AM,"Barrick's Tanzanian Mines on Tier One Track With Potential for Extending Lives, Growing Production"
GOLD,2024-01-17,11:59AM,Barrick (GOLD) Reports Strong Preliminary Q4 Production Results
GOLD,2024-01-16,10:28AM,CANADA STOCKS-TSX drops amid broad selloff after CPI data disappoints
GOLD,2024-01-15,11:19PM,Analyst Report: Barrick Gold Corporation
GOLD,2024-01-09,03:11PM,Analysts on Wall Street Lower Ratings for These 10 Stocks
INTC,2024-04-10,10:20AM,"Apple, TSMC, Super Micro Computer, AMD, and Other Tech Stocks in Focus Today"
INTC,2024-04-09,08:56PM,20 Most Used Artificial Intelligence (AI) Platforms of 2024
INTC,2024-04-08,09:58PM,"TSMC Gets $11.6 Billion in US Grants, Loans for Chip Plants"
INTC,2024-04-07,06:00AM,2 Tech Stocks to Buy Like There's No Tomorrow
INTC,2024-04-06,05:15AM,Intel Stock Analysis: Buy the Dip?
INTC,2024-04-05,09:29PM,25 Most Religious States in the US
INTC,2024-04-04,10:54PM,AMD Stock Drops Amid Rate Uncertainty and Valuation Reassessment Key Level to Watch
INTC,2024-04-03,04:41PM,Can Intel find customers to turnaround $7B loss?
INTC,2024-04-02,09:49PM,"Intel Stock Drops as Loss Widens, Sales Decline in Chipmaker's Foundry Business"
AMZN,2024-04-10,09:53AM,2 Beaten-Down Stocks That Haven't Been This Cheap in More Than 10 Years
AMZN,2024-04-09,05:25PM,"Sephora, Ulta, and e.l.f. among the top beauty brands for US teens, per survey"
AMZN,2024-04-08,07:03PM,Analyst unveils new Amazon price target as stock tests $2 trillion
AMZN,2024-04-07,06:46PM,Here Are My 3 Top Tech Stocks to Buy Right Now
AMZN,2024-04-06,10:00AM,Best Stock to Buy Right Now: Amazon vs. Disney
AMZN,2024-04-05,07:22PM,Amazon continues construction on Puget Sound tower
